volcan_id,media_global,time_to_eruption
1257785,0.6999195846735888,14796900
14685760,-0.3660005666572224,15964982
15525330,-1.0670424573654238,3368491
17116587,-0.5709433686913917,84289
1846591,-1.455199435057323,22347471
34931189,-7.399664314108307,1460950
513181,-0.6006433226112897,40377193
603314,5.755624576045269,22639670
6070985,0.5868550338975831,22852093
6825894,-0.03344480155328907,24622916
9472096,-1.1024304376495273,15120042
